{
    "refreshGatewayRoute":true,
    "routeList":[
        {
            "id":"core-service",
            "predicates":[
                {
                    "name":"Path",
                    "args":{
                        "_genkey_0":"/api/core/**"
                    }
                }
            ],
            "filters":[
                {
                    "name":"StripPrefix",
                    "args":{
                        "_genkey_0":2
                    }
                }
            ],
            "uri":"lb://core-service"
        },
        {
            "id":"edge-service",
            "predicates":[
                {
                    "name":"Path",
                    "args":{
                        "_genkey_0":"/api/edge/**"
                    }
                }
            ],
            "filters":[
                {
                    "name":"StripPrefix",
                    "args":{
                        "_genkey_0":2
                    }
                }
            ],
            "uri":"lb://edge-service"
        },
        {
            "id":"user-service",
            "predicates":[
                {
                    "name":"Path",
                    "args":{
                        "_genkey_0":"/api/user/**"
                    }
                }
            ],
            "filters":[
                {
                    "name":"StripPrefix",
                    "args":{
                        "_genkey_0":2
                    }
                }
            ],
            "uri":"lb://user-service"
        },
        {
            "id":"share-service",
            "predicates":[
                {
                    "name":"Path",
                    "args":{
                        "_genkey_0":"/api/share/**"
                    }
                }
            ],
            "filters":[
                {
                    "name":"StripPrefix",
                    "args":{
                        "_genkey_0":2
                    }
                }
            ],
            "uri":"lb://share-service"
        }
    ]
}